[
  {
    "_id": 1,
    "account": "434",
    "handle": "@f434",
    "tuit": "Ray Hudson: Are you kidding me ? This man is just mainline to pure footballing magic, that belongs in a different galaxy altogether that we are living in! Absolute astonishing jaw-dropping genius from Lionel Messi… he emasculates them individually and collectively !",
    "time": "20h",
    "dp": "DpMessi.jpeg",
    "image": "PostMessi.jpeg",
    "like": 15421,
    "replies": 243,
    "retweet": 278,
    "hasimage": true,
    "thread": true,
    "retweeted": true,
    "liked": false,
    "retweeter": "Ronaldo"
  },
  {
    "_id": 2,
    "account": "BBC",
    "handle": "@britishBC",
    "tuit": "India finished its Asian Games campaign with a record haul of 107 medals, 28 gold, 38 silver, and 41 bronze medals.013 The Indian men's kabaddi team defeated Iran in a thrilling final, while the women's hockey team won bronze after Satwik-Chirag won gold, Deepak Punia won silver, and the Indian women's and men's chess team won silver",
    "time": "3h",
    "dp": "DpNews.png",
    "like": 1872,
    "replies": 164,
    "retweet": 1745,
    "hasimage": false,
    "liked": false,
    "intweet": {
      "account": "IndianExpress",
      "userName": "@IEpress",
      "tuit": "By winning 107 medals at the Hangzhou Asian Games, India for the first time entered the elite sporting club with a three-digit tally that has China, Japan and Korea as its regular members. Of course, with 200 golds, China is in a different league but India has made a start by clearing the psychological hurdle.",
      "time": "23h",
      "dp": "DpIndian.png",
      "image": "PostIpress.avif",
      "hasimage": true
    }
  }
]
