[
  {
    "_id": 123,
    "topic": "WorldCup",
    "userName": "Notnow",
    "title": "Shubman in doubt for Ind vs Aus opener",
    "time": "20h",
    "image": "shub.jpeg"
  },
  {
    "_id": 234,
    "topic": "Cricket",
    "userName": "bbcbrit",
    "title": "Steve's Redemption in Cards ?",
    "time": "24h",
    "image": "steve.jpeg"
  },
  {
    "_id": 345,
    "topic": "Cricket",
    "userName": "ambau",
    "title": "Sachin appointed as Cricket World Cup 2023 Ambassador ",
    "time": "1w",
    "image": "sachin.jpeg"
  }
]
